{
  "project_info": {
    "project_number": "183932859432",
    "project_id": "datosperfil-8fce6",
    "storage_bucket": "datosperfil-8fce6.appspot.com"
  },
  "client": [
    {
      "client_info": {
        "mobilesdk_app_id": "1:183932859432:android:949a2b2b8b1ef6765c711d",
        "android_client_info": {
          "package_name": "com.example.animaltfg"
        }
      },
      "oauth_client": [],
      "api_key": [
        {
          "current_key": "AIzaSyDVVNOGvHp-5GGIQyi6aBEPmbMI2GhE9N8"
        }
      ],
      "services": {
        "appinvite_service": {
          "other_platform_oauth_client": []
        }
      }
    }
  ],
  "configuration_version": "1"
}